id,group_id,split,slice,question,expected_ids,expected_flags
exact_m_001,m_001,dev,exact_name,Cho tôi thông tin về Gỏi cuốn tôm thịt,menu:m_001,
nodia_m_001,m_001,dev,no_diacritic,quan co goi cuon tom thit khong,menu:m_001,
exact_m_002,m_002,test,exact_name,Cho tôi thông tin về Nem rán Hà Nội,menu:m_002,
nodia_m_002,m_002,test,no_diacritic,quan co nem ran ha noi khong,menu:m_002,
exact_m_003,m_003,test,exact_name,Cho tôi thông tin về Bánh xèo miền Tây,menu:m_003,
nodia_m_003,m_003,test,no_diacritic,quan co banh xeo mien tay khong,menu:m_003,
exact_m_004,m_004,dev,exact_name,Cho tôi thông tin về Bánh cuốn Thanh Trì,menu:m_004,
nodia_m_004,m_004,dev,no_diacritic,quan co banh cuon thanh tri khong,menu:m_004,
exact_m_005,m_005,test,exact_name,Cho tôi thông tin về Gỏi xoài tôm sú,menu:m_005,
nodia_m_005,m_005,test,no_diacritic,quan co goi xoai tom su khong,menu:m_005,
exact_m_006,m_006,dev,exact_name,Cho tôi thông tin về Bánh mì pate Sài Gòn,menu:m_006,
nodia_m_006,m_006,dev,no_diacritic,quan co banh mi pate sai gon khong,menu:m_006,
exact_m_007,m_007,dev,exact_name,Cho tôi thông tin về Súp măng cua,menu:m_007,
nodia_m_007,m_007,dev,no_diacritic,quan co sup mang cua khong,menu:m_007,
exact_m_008,m_008,dev,exact_name,Cho tôi thông tin về Phở bò tái nạm,menu:m_008,
nodia_m_008,m_008,dev,no_diacritic,quan co pho bo tai nam khong,menu:m_008,
exact_m_009,m_009,dev,exact_name,Cho tôi thông tin về Phở gà ta,menu:m_009,
nodia_m_009,m_009,dev,no_diacritic,quan co pho ga ta khong,menu:m_009,
exact_m_010,m_010,test,exact_name,Cho tôi thông tin về Bún bò Huế,menu:m_010,
nodia_m_010,m_010,test,no_diacritic,quan co bun bo hue khong,menu:m_010,
exact_m_011,m_011,test,exact_name,Cho tôi thông tin về Bún chả Hà Nội,menu:m_011,
nodia_m_011,m_011,test,no_diacritic,quan co bun cha ha noi khong,menu:m_011,
exact_m_012,m_012,dev,exact_name,Cho tôi thông tin về Bún riêu cua đồng,menu:m_012,
nodia_m_012,m_012,dev,no_diacritic,quan co bun rieu cua dong khong,menu:m_012,
exact_m_013,m_013,dev,exact_name,Cho tôi thông tin về Bún mắm miền Tây,menu:m_013,
nodia_m_013,m_013,dev,no_diacritic,quan co bun mam mien tay khong,menu:m_013,
exact_m_014,m_014,test,exact_name,Cho tôi thông tin về Bún đậu mắm tôm,menu:m_014,
nodia_m_014,m_014,test,no_diacritic,quan co bun dau mam tom khong,menu:m_014,
exact_m_015,m_015,dev,exact_name,Cho tôi thông tin về Cơm tấm sườn bì chả,menu:m_015,
nodia_m_015,m_015,dev,no_diacritic,quan co com tam suon bi cha khong,menu:m_015,
exact_m_016,m_016,dev,exact_name,Cho tôi thông tin về Cơm gà Hội An,menu:m_016,
nodia_m_016,m_016,dev,no_diacritic,quan co com ga hoi an khong,menu:m_016,
exact_m_017,m_017,dev,exact_name,Cho tôi thông tin về Cơm sườn nướng,menu:m_017,
nodia_m_017,m_017,dev,no_diacritic,quan co com suon nuong khong,menu:m_017,
exact_m_018,m_018,test,exact_name,Cho tôi thông tin về Cơm cá kho tộ,menu:m_018,
nodia_m_018,m_018,test,no_diacritic,quan co com ca kho to khong,menu:m_018,
exact_m_019,m_019,test,exact_name,Cho tôi thông tin về Cơm chiên Sài Gòn,menu:m_019,
nodia_m_019,m_019,test,no_diacritic,quan co com chien sai gon khong,menu:m_019,
exact_m_020,m_020,dev,exact_name,Cho tôi thông tin về Cơm hến Huế,menu:m_020,
nodia_m_020,m_020,dev,no_diacritic,quan co com hen hue khong,menu:m_020,
exact_m_021,m_021,test,exact_name,Cho tôi thông tin về Cơm bò lúc lắc,menu:m_021,
nodia_m_021,m_021,test,no_diacritic,quan co com bo luc lac khong,menu:m_021,
exact_m_022,m_022,test,exact_name,Cho tôi thông tin về Tôm hùm nướng mỡ hành,menu:m_022,
nodia_m_022,m_022,test,no_diacritic,quan co tom hum nuong mo hanh khong,menu:m_022,
exact_m_023,m_023,test,exact_name,Cho tôi thông tin về Cá lóc nướng trui,menu:m_023,
nodia_m_023,m_023,test,no_diacritic,quan co ca loc nuong trui khong,menu:m_023,
exact_m_024,m_024,test,exact_name,Cho tôi thông tin về Tôm rang muối Tây Ninh,menu:m_024,
nodia_m_024,m_024,test,no_diacritic,quan co tom rang muoi tay ninh khong,menu:m_024,
exact_m_025,m_025,test,exact_name,Cho tôi thông tin về Cua rang me,menu:m_025,
nodia_m_025,m_025,test,no_diacritic,quan co cua rang me khong,menu:m_025,
exact_m_026,m_026,test,exact_name,Cho tôi thông tin về Mực xào sa tế,menu:m_026,
nodia_m_026,m_026,test,no_diacritic,quan co muc xao sa te khong,menu:m_026,
exact_m_027,m_027,test,exact_name,Cho tôi thông tin về Nghêu hấp sả,menu:m_027,
nodia_m_027,m_027,test,no_diacritic,quan co ngheu hap sa khong,menu:m_027,
exact_m_028,m_028,test,exact_name,Cho tôi thông tin về Ốc hương rang bơ tỏi,menu:m_028,
nodia_m_028,m_028,test,no_diacritic,quan co oc huong rang bo toi khong,menu:m_028,
exact_m_029,m_029,test,exact_name,Cho tôi thông tin về Lẩu chua cá lăng,menu:m_029,
nodia_m_029,m_029,test,no_diacritic,quan co lau chua ca lang khong,menu:m_029,
exact_m_030,m_030,test,exact_name,Cho tôi thông tin về Lẩu bò nhúng giấm,menu:m_030,
nodia_m_030,m_030,test,no_diacritic,quan co lau bo nhung giam khong,menu:m_030,
exact_m_031,m_031,test,exact_name,Cho tôi thông tin về Lẩu nấm chay,menu:m_031,
nodia_m_031,m_031,test,no_diacritic,quan co lau nam chay khong,menu:m_031,
exact_m_032,m_032,test,exact_name,Cho tôi thông tin về Lẩu gà lá é Đà Lạt,menu:m_032,
nodia_m_032,m_032,test,no_diacritic,quan co lau ga la e da lat khong,menu:m_032,
exact_m_033,m_033,test,exact_name,Cho tôi thông tin về Lẩu hải sản chua cay,menu:m_033,
nodia_m_033,m_033,test,no_diacritic,quan co lau hai san chua cay khong,menu:m_033,
exact_m_034,m_034,test,exact_name,Cho tôi thông tin về Lẩu dê thuốc bắc,menu:m_034,
nodia_m_034,m_034,test,no_diacritic,quan co lau de thuoc bac khong,menu:m_034,
exact_m_035,m_035,test,exact_name,Cho tôi thông tin về Lẩu mắm miền Tây,menu:m_035,
nodia_m_035,m_035,test,no_diacritic,quan co lau mam mien tay khong,menu:m_035,
exact_m_036,m_036,test,exact_name,Cho tôi thông tin về Gà nướng mật ong,menu:m_036,
nodia_m_036,m_036,test,no_diacritic,quan co ga nuong mat ong khong,menu:m_036,
exact_m_037,m_037,dev,exact_name,Cho tôi thông tin về Gà hấp lá chanh,menu:m_037,
nodia_m_037,m_037,dev,no_diacritic,quan co ga hap la chanh khong,menu:m_037,
exact_m_038,m_038,test,exact_name,Cho tôi thông tin về Cánh gà chiên nước mắm,menu:m_038,
nodia_m_038,m_038,test,no_diacritic,quan co canh ga chien nuoc mam khong,menu:m_038,
exact_m_039,m_039,test,exact_name,Cho tôi thông tin về Gà xào sả ớt,menu:m_039,
nodia_m_039,m_039,test,no_diacritic,quan co ga xao sa ot khong,menu:m_039,
exact_m_040,m_040,dev,exact_name,Cho tôi thông tin về Gà nướng muối ớt xanh,menu:m_040,
nodia_m_040,m_040,dev,no_diacritic,quan co ga nuong muoi ot xanh khong,menu:m_040,
exact_m_041,m_041,test,exact_name,Cho tôi thông tin về Gà tiềm thuốc bắc,menu:m_041,
nodia_m_041,m_041,test,no_diacritic,quan co ga tiem thuoc bac khong,menu:m_041,
exact_m_042,m_042,test,exact_name,Cho tôi thông tin về Gà rô ti kiểu Việt,menu:m_042,
nodia_m_042,m_042,test,no_diacritic,quan co ga ro ti kieu viet khong,menu:m_042,
exact_m_043,m_043,test,exact_name,Cho tôi thông tin về Mì Quảng tôm thịt,menu:m_043,
nodia_m_043,m_043,test,no_diacritic,quan co mi quang tom thit khong,menu:m_043,
exact_m_044,m_044,test,exact_name,Cho tôi thông tin về Cao lầu Hội An,menu:m_044,
nodia_m_044,m_044,test,no_diacritic,quan co cao lau hoi an khong,menu:m_044,
exact_m_045,m_045,test,exact_name,Cho tôi thông tin về Bê thui Cầu Mống,menu:m_045,
nodia_m_045,m_045,test,no_diacritic,quan co be thui cau mong khong,menu:m_045,
exact_m_046,m_046,test,exact_name,Cho tôi thông tin về Hủ tiếu Nam Vang,menu:m_046,
nodia_m_046,m_046,test,no_diacritic,quan co hu tieu nam vang khong,menu:m_046,
exact_m_047,m_047,test,exact_name,Cho tôi thông tin về Bánh tráng cuốn thịt heo,menu:m_047,
nodia_m_047,m_047,test,no_diacritic,quan co banh trang cuon thit heo khong,menu:m_047,
exact_m_048,m_048,test,exact_name,Cho tôi thông tin về Cháo lòng Sài Gòn,menu:m_048,
nodia_m_048,m_048,test,no_diacritic,quan co chao long sai gon khong,menu:m_048,
exact_m_049,m_049,dev,exact_name,Cho tôi thông tin về Xôi gà Hà Nội,menu:m_049,
nodia_m_049,m_049,dev,no_diacritic,quan co xoi ga ha noi khong,menu:m_049,
exact_m_050,m_050,test,exact_name,Cho tôi thông tin về Phở chay nấm đông cô,menu:m_050,
nodia_m_050,m_050,test,no_diacritic,quan co pho chay nam dong co khong,menu:m_050,
exact_m_051,m_051,test,exact_name,Cho tôi thông tin về Cơm chiên chay ngũ sắc,menu:m_051,
nodia_m_051,m_051,test,no_diacritic,quan co com chien chay ngu sac khong,menu:m_051,
exact_m_052,m_052,test,exact_name,Cho tôi thông tin về Gỏi cuốn chay,menu:m_052,
nodia_m_052,m_052,test,no_diacritic,quan co goi cuon chay khong,menu:m_052,
exact_m_053,m_053,test,exact_name,Cho tôi thông tin về Canh khổ qua nhồi nấm,menu:m_053,
nodia_m_053,m_053,test,no_diacritic,quan co canh kho qua nhoi nam khong,menu:m_053,
exact_m_054,m_054,test,exact_name,Cho tôi thông tin về Đậu hũ sốt cà chua,menu:m_054,
nodia_m_054,m_054,test,no_diacritic,quan co dau hu sot ca chua khong,menu:m_054,
exact_m_055,m_055,dev,exact_name,Cho tôi thông tin về Mì Quảng chay,menu:m_055,
nodia_m_055,m_055,dev,no_diacritic,quan co mi quang chay khong,menu:m_055,
exact_m_056,m_056,test,exact_name,Cho tôi thông tin về Bún chay Huế,menu:m_056,
nodia_m_056,m_056,test,no_diacritic,quan co bun chay hue khong,menu:m_056,
exact_m_057,m_057,test,exact_name,Cho tôi thông tin về Cà phê sữa đá,menu:m_057,
nodia_m_057,m_057,test,no_diacritic,quan co ca phe sua da khong,menu:m_057,
exact_m_058,m_058,dev,exact_name,Cho tôi thông tin về Cà phê trứng Hà Nội,menu:m_058,
nodia_m_058,m_058,dev,no_diacritic,quan co ca phe trung ha noi khong,menu:m_058,
exact_m_059,m_059,dev,exact_name,Cho tôi thông tin về Bạc xỉu Sài Gòn,menu:m_059,
nodia_m_059,m_059,dev,no_diacritic,quan co bac xiu sai gon khong,menu:m_059,
exact_m_060,m_060,test,exact_name,Cho tôi thông tin về Trà đào cam sả,menu:m_060,
nodia_m_060,m_060,test,no_diacritic,quan co tra dao cam sa khong,menu:m_060,
exact_m_061,m_061,test,exact_name,Cho tôi thông tin về Trà sen Tây Hồ,menu:m_061,
nodia_m_061,m_061,test,no_diacritic,quan co tra sen tay ho khong,menu:m_061,
exact_m_062,m_062,test,exact_name,Cho tôi thông tin về Trà sữa trân châu,menu:m_062,
nodia_m_062,m_062,test,no_diacritic,quan co tra sua tran chau khong,menu:m_062,
exact_m_063,m_063,test,exact_name,Cho tôi thông tin về Cà phê dừa,menu:m_063,
nodia_m_063,m_063,test,no_diacritic,quan co ca phe dua khong,menu:m_063,
exact_m_064,m_064,dev,exact_name,Cho tôi thông tin về Nước ép cam tươi,menu:m_064,
nodia_m_064,m_064,dev,no_diacritic,quan co nuoc ep cam tuoi khong,menu:m_064,
exact_m_065,m_065,test,exact_name,Cho tôi thông tin về Sinh tố bơ Đắk Lắk,menu:m_065,
nodia_m_065,m_065,test,no_diacritic,quan co sinh to bo dak lak khong,menu:m_065,
exact_m_066,m_066,test,exact_name,Cho tôi thông tin về Nước ép dưa hấu,menu:m_066,
nodia_m_066,m_066,test,no_diacritic,quan co nuoc ep dua hau khong,menu:m_066,
exact_m_067,m_067,test,exact_name,Cho tôi thông tin về Sinh tố xoài Hòa Lộc,menu:m_067,
nodia_m_067,m_067,test,no_diacritic,quan co sinh to xoai hoa loc khong,menu:m_067,
exact_m_068,m_068,test,exact_name,Cho tôi thông tin về Nước rau má,menu:m_068,
nodia_m_068,m_068,test,no_diacritic,quan co nuoc rau ma khong,menu:m_068,
exact_m_069,m_069,test,exact_name,Cho tôi thông tin về Sinh tố dâu tây Đà Lạt,menu:m_069,
nodia_m_069,m_069,test,no_diacritic,quan co sinh to dau tay da lat khong,menu:m_069,
exact_m_070,m_070,dev,exact_name,Cho tôi thông tin về Nước mía Sài Gòn,menu:m_070,
nodia_m_070,m_070,dev,no_diacritic,quan co nuoc mia sai gon khong,menu:m_070,
exact_m_071,m_071,test,exact_name,Cho tôi thông tin về Chè khúc bạch,menu:m_071,
nodia_m_071,m_071,test,no_diacritic,quan co che khuc bach khong,menu:m_071,
exact_m_072,m_072,test,exact_name,Cho tôi thông tin về Bánh flan caramel,menu:m_072,
nodia_m_072,m_072,test,no_diacritic,quan co banh flan caramel khong,menu:m_072,
exact_m_073,m_073,test,exact_name,Cho tôi thông tin về Chè bưởi,menu:m_073,
nodia_m_073,m_073,test,no_diacritic,quan co che buoi khong,menu:m_073,
exact_m_074,m_074,dev,exact_name,Cho tôi thông tin về Sương sa hạt lựu,menu:m_074,
nodia_m_074,m_074,dev,no_diacritic,quan co suong sa hat luu khong,menu:m_074,
exact_m_075,m_075,dev,exact_name,Cho tôi thông tin về Chè trôi nước,menu:m_075,
nodia_m_075,m_075,dev,no_diacritic,quan co che troi nuoc khong,menu:m_075,
exact_m_076,m_076,test,exact_name,Cho tôi thông tin về Bánh chuối nướng,menu:m_076,
nodia_m_076,m_076,test,no_diacritic,quan co banh chuoi nuong khong,menu:m_076,
exact_m_077,m_077,test,exact_name,Cho tôi thông tin về Xôi xoài,menu:m_077,
nodia_m_077,m_077,test,no_diacritic,quan co xoi xoai khong,menu:m_077,
exact_m_078,m_078,test,exact_name,Cho tôi thông tin về Đĩa trái cây theo mùa,menu:m_078,
nodia_m_078,m_078,test,no_diacritic,quan co dia trai cay theo mua khong,menu:m_078,
exact_m_079,m_079,test,exact_name,Cho tôi thông tin về Xoài cát Hòa Lộc,menu:m_079,
nodia_m_079,m_079,test,no_diacritic,quan co xoai cat hoa loc khong,menu:m_079,
exact_m_080,m_080,test,exact_name,Cho tôi thông tin về Sầu riêng Ri6,menu:m_080,
nodia_m_080,m_080,test,no_diacritic,quan co sau rieng ri6 khong,menu:m_080,
exact_m_081,m_081,test,exact_name,Cho tôi thông tin về Dưa hấu lạnh,menu:m_081,
nodia_m_081,m_081,test,no_diacritic,quan co dua hau lanh khong,menu:m_081,
exact_m_082,m_082,test,exact_name,Cho tôi thông tin về Bưởi da xanh Bến Tre,menu:m_082,
nodia_m_082,m_082,test,no_diacritic,quan co buoi da xanh ben tre khong,menu:m_082,
exact_m_083,m_083,test,exact_name,Cho tôi thông tin về Thanh long Bình Thuận,menu:m_083,
nodia_m_083,m_083,test,no_diacritic,quan co thanh long binh thuan khong,menu:m_083,
exact_m_084,m_084,test,exact_name,Cho tôi thông tin về Đu đủ chín mật ong,menu:m_084,
nodia_m_084,m_084,test,no_diacritic,quan co du du chin mat ong khong,menu:m_084,
exact_m_085,m_085,dev,exact_name,Cho tôi thông tin về Bia Sài Gòn Special,menu:m_085,
nodia_m_085,m_085,dev,no_diacritic,quan co bia sai gon special khong,menu:m_085,
exact_m_086,m_086,test,exact_name,Cho tôi thông tin về Bia Hà Nội,menu:m_086,
nodia_m_086,m_086,test,no_diacritic,quan co bia ha noi khong,menu:m_086,
exact_m_087,m_087,test,exact_name,Cho tôi thông tin về Bia Tiger Crystal,menu:m_087,
nodia_m_087,m_087,test,no_diacritic,quan co bia tiger crystal khong,menu:m_087,
exact_m_088,m_088,test,exact_name,Cho tôi thông tin về Bia hơi Hà Nội,menu:m_088,
nodia_m_088,m_088,test,no_diacritic,quan co bia hoi ha noi khong,menu:m_088,
exact_m_089,m_089,dev,exact_name,Cho tôi thông tin về Rượu nếp cẩm,menu:m_089,
nodia_m_089,m_089,dev,no_diacritic,quan co ruou nep cam khong,menu:m_089,
exact_m_090,m_090,dev,exact_name,Cho tôi thông tin về Rượu mơ Hà Nội,menu:m_090,
nodia_m_090,m_090,dev,no_diacritic,quan co ruou mo ha noi khong,menu:m_090,
exact_m_091,m_091,test,exact_name,Cho tôi thông tin về Cocktail chanh đào mật ong,menu:m_091,
nodia_m_091,m_091,test,no_diacritic,quan co cocktail chanh dao mat ong khong,menu:m_091,
category_cat_alcohol,category:cat_alcohol,test,category_intent,Gợi ý các món thuộc nhóm Bia & Rượu,menu:m_085;menu:m_086;menu:m_087;menu:m_088;menu:m_089;menu:m_090;menu:m_091,
category_cat_appetizer,category:cat_appetizer,test,category_intent,Gợi ý các món thuộc nhóm Khai vị,menu:m_001;menu:m_002;menu:m_003;menu:m_004;menu:m_005;menu:m_006;menu:m_007,
category_cat_chicken,category:cat_chicken,dev,category_intent,Gợi ý các món thuộc nhóm Món gà,menu:m_036;menu:m_037;menu:m_038;menu:m_039;menu:m_040;menu:m_041;menu:m_042,
category_cat_dessert,category:cat_dessert,test,category_intent,Gợi ý các món thuộc nhóm Tráng miệng,menu:m_071;menu:m_072;menu:m_073;menu:m_074;menu:m_075;menu:m_076;menu:m_077,
category_cat_drink,category:cat_drink,test,category_intent,Gợi ý các món thuộc nhóm Cà phê & Trà,menu:m_057;menu:m_058;menu:m_059;menu:m_060;menu:m_061;menu:m_062;menu:m_063,
category_cat_fruit,category:cat_fruit,test,category_intent,Gợi ý các món thuộc nhóm Trái cây tươi,menu:m_078;menu:m_079;menu:m_080;menu:m_081;menu:m_082;menu:m_083;menu:m_084,
category_cat_hotpot,category:cat_hotpot,test,category_intent,Gợi ý các món thuộc nhóm Lẩu,menu:m_029;menu:m_030;menu:m_031;menu:m_032;menu:m_033;menu:m_034;menu:m_035,
category_cat_juice,category:cat_juice,dev,category_intent,Gợi ý các món thuộc nhóm Nước ép & Sinh tố,menu:m_064;menu:m_065;menu:m_066;menu:m_067;menu:m_068;menu:m_069;menu:m_070,
category_cat_main,category:cat_main,test,category_intent,Gợi ý các món thuộc nhóm Cơm Việt,menu:m_015;menu:m_016;menu:m_017;menu:m_018;menu:m_019;menu:m_020;menu:m_021,
category_cat_noodle,category:cat_noodle,test,category_intent,Gợi ý các món thuộc nhóm Phở & Bún,menu:m_008;menu:m_009;menu:m_010;menu:m_011;menu:m_012;menu:m_013;menu:m_014,
category_cat_regional,category:cat_regional,test,category_intent,Gợi ý các món thuộc nhóm Đặc sản vùng miền,menu:m_043;menu:m_044;menu:m_045;menu:m_046;menu:m_047;menu:m_048;menu:m_049,
category_cat_seafood,category:cat_seafood,test,category_intent,Gợi ý các món thuộc nhóm Hải sản,menu:m_022;menu:m_023;menu:m_024;menu:m_025;menu:m_026;menu:m_027;menu:m_028,
category_cat_vegetarian,category:cat_vegetarian,dev,category_intent,Gợi ý các món thuộc nhóm Món chay,menu:m_050;menu:m_051;menu:m_052;menu:m_053;menu:m_054;menu:m_055;menu:m_056,
sem_001,m_008,dev,semantic_paraphrase,"Tôi muốn món nước nóng có thịt bò, nhẹ bụng nhưng vẫn đủ no",menu:m_008,
sem_002,m_060,test,semantic_paraphrase,Có thức uống mát nào vừa có cam vừa thơm mùi sả không?,menu:m_060,
sem_003,m_053,test,semantic_paraphrase,Tìm giúp món chay dạng canh thanh mát có rau củ,menu:m_053,
sem_004,m_056,test,semantic_paraphrase,Tôi muốn món chay dạng nước có vị sả ớt kiểu Huế,menu:m_056,
sem_005,m_059,dev,semantic_paraphrase,"Đồ uống kiểu Sài Gòn nhiều sữa, chỉ có một chút cà phê",menu:m_059,
sem_006,m_044,test,semantic_paraphrase,Món sợi dai đặc sản Hội An ăn cùng thịt xá xíu,menu:m_044,
sem_007,m_041,test,semantic_paraphrase,"Món gà nước thanh, mềm và phù hợp cho người lớn tuổi",menu:m_041,
sem_008,m_025,test,semantic_paraphrase,Hải sản sốt chua ngọt có thể ăn kèm bánh mì nóng,menu:m_025,
sem_009,m_048,test,semantic_paraphrase,Buổi tối muộn tôi muốn một món cháo nóng có lòng heo,menu:m_048,
sem_010,m_071,test,semantic_paraphrase,Tráng miệng lạnh có hạnh nhân và vải thiều,menu:m_071,
sem_011,m_064,dev,semantic_paraphrase,Cho tôi nước trái cây nguyên chất không thêm đường,menu:m_064,
sem_012,m_038,test,semantic_paraphrase,Món gà chiên giòn vị nước mắm phù hợp cho trẻ em,menu:m_038,
sem_013,m_031,test,semantic_paraphrase,Nhóm tôi muốn ăn lẩu hoàn toàn không có thịt,menu:m_031,
sem_014,m_030,test,semantic_paraphrase,Đi bốn người muốn ăn lẩu bò có vị chua dịu,menu:m_030,
sem_015,m_088,test,semantic_paraphrase,Thức uống lên men bình dân đặc trưng Hà Nội,menu:m_088,
sem_016,m_090,dev,semantic_paraphrase,Loại rượu vị chua ngọt thanh nên uống lạnh,menu:m_090,
sem_017,m_052,test,semantic_paraphrase,"Món cuốn không thịt có đậu hũ, rau thơm và bơ",menu:m_052,
sem_018,m_058,dev,semantic_paraphrase,Cà phê béo có lớp kem trứng phía trên,menu:m_058,
pol_001,policy:ai_role,test,policy_paraphrase,Bạn chốt đơn rồi gửi xuống bếp giúp mình nhé,policy:ai_role,CUSTOMER_CONFIRMATION_REQUIRED
pol_002,policy:ai_role,test,policy_paraphrase,AI có thể tự mua và trả tiền hộ tôi không?,policy:ai_role,CUSTOMER_CONFIRMATION_REQUIRED
pol_003,policy:ordering_scope,test,policy_paraphrase,Tôi đặt đồ rồi ghé quán lấy sau được không?,policy:ordering_scope,
pol_004,policy:payment,test,policy_paraphrase,Ở đây trả tiền theo những cách nào?,policy:payment,
pol_005,policy:opening_hours,test,policy_paraphrase,Tối muộn khoảng mười giờ quán còn phục vụ chứ?,policy:opening_hours,
pol_006,policy:wifi,dev,policy_paraphrase,Trong quán có mạng miễn phí để dùng không?,policy:wifi,
pol_007,policy:parking,test,policy_paraphrase,Nếu đi ô tô thì tôi để xe chỗ nào?,policy:parking,
pol_008,policy:reservation,dev,policy_paraphrase,Nhóm tôi muốn giữ chỗ trước cho tối nay,policy:reservation,
pol_009,policy:cancel_order,test,policy_paraphrase,Món đã gửi xuống bếp rồi có đổi lại được không?,policy:cancel_order,
pol_010,policy:allergen_safety,test,policy_paraphrase,"Tôi dị ứng nặng, thông tin thành phần trên menu có bảo đảm tuyệt đối không?",policy:allergen_safety,
multi_001,multi_001,test,multi_intent,Quán có WiFi không và cho tôi xem phở bò tái nạm,policy:wifi;menu:m_008,
multi_002,multi_002,test,multi_intent,"Thanh toán bằng VietQR thế nào, và quán có cơm chay không?",policy:payment;menu:m_051,
multi_003,multi_003,test,multi_intent,Tôi đậu ô tô ở đâu và có bia Hà Nội không?,policy:parking;menu:m_086,
multi_004,multi_004,test,multi_intent,Quán mở đến mấy giờ và còn trà sen Tây Hồ chứ?,policy:opening_hours;menu:m_061,
neg_001,negative_weather,dev,hard_negative,Hôm nay trời có mưa không?,,OUT_OF_SCOPE
neg_002,negative_code,dev,hard_negative,Viết cho tôi một chương trình Python,,OUT_OF_SCOPE
neg_003,negative_stock,test,hard_negative,Giá cổ phiếu hôm nay tăng hay giảm?,,OUT_OF_SCOPE
neg_004,negative_math,test,hard_negative,Giải phương trình bậc hai giúp tôi,,OUT_OF_SCOPE
neg_005,negative_football,test,hard_negative,Đội bóng nào vô địch mùa này?,,OUT_OF_SCOPE
neg_006,negative_crypto,test,hard_negative,Có nên mua bitcoin bây giờ không?,,OUT_OF_SCOPE
neg_007,negative_homework,test,hard_negative,Làm bài tập lịch sử cho tôi,,OUT_OF_SCOPE
neg_008,negative_news,test,hard_negative,Tóm tắt tin tức quốc tế mới nhất,,OUT_OF_SCOPE
